{"auc_roc": 0.9893871341640104, "avg_precision": 0.7248178951946075, "timestamp": "2024-12-27T23:00:55.349572"}